{"cameraMode":{"drawMode":0,"name":"Shaded","section":"Shading Mode"},"sceneLighting":true,"audioPlay":false,"sceneViewState":{"m_AlwaysRefresh":false,"showFog":true,"showSkybox":true,"showFlares":true,"showImageEffects":true,"showParticleSystems":true,"showVisualEffectGraphs":true,"m_FxEnabled":true},"in2DMode":false,"pivot":{"x":23.895776748657228,"y":11.752608299255371,"z":153.33734130859376},"rotation":{"x":-0.022160843014717103,"y":-0.8929985165596008,"z":-0.04423978924751282,"w":0.44733744859695437},"size":13.827712059020996,"orthographic":false}